-- phpMyAdmin SQL Dump
-- version 4.5.2
-- http://www.phpmyadmin.net
--
-- Host: localhost
-- Generation Time: Sep 18, 2016 at 09:48 PM
-- Server version: 5.6.21
-- PHP Version: 5.6.3

SET SQL_MODE = "NO_AUTO_VALUE_ON_ZERO";
SET time_zone = "+00:00";


/*!40101 SET @OLD_CHARACTER_SET_CLIENT=@@CHARACTER_SET_CLIENT */;
/*!40101 SET @OLD_CHARACTER_SET_RESULTS=@@CHARACTER_SET_RESULTS */;
/*!40101 SET @OLD_COLLATION_CONNECTION=@@COLLATION_CONNECTION */;
/*!40101 SET NAMES utf8mb4 */;

--
-- Database: `bonfire`
--

-- --------------------------------------------------------

--
-- Table structure for table `bf_account`
--

DROP TABLE IF EXISTS `bf_account`;
CREATE TABLE `bf_account` (
  `id` int(11) NOT NULL,
  `title` varbinary(100) NOT NULL,
  `dr` int(10) DEFAULT NULL,
  `cr` int(10) DEFAULT NULL,
  `balance` bigint(20) DEFAULT NULL,
  `deleted` tinyint(1) NOT NULL DEFAULT '0',
  `deleted_by` bigint(20) DEFAULT NULL,
  `created_on` datetime NOT NULL DEFAULT '0000-00-00 00:00:00',
  `created_by` bigint(20) NOT NULL,
  `modified_on` datetime NOT NULL DEFAULT '0000-00-00 00:00:00',
  `modified_by` bigint(20) DEFAULT NULL
) ENGINE=InnoDB DEFAULT CHARSET=utf8;

--
-- Dumping data for table `bf_account`
--

INSERT INTO `bf_account` (`id`, `title`, `dr`, `cr`, `balance`, `deleted`, `deleted_by`, `created_on`, `created_by`, `modified_on`, `modified_by`) VALUES
(1, 0x42616c616e6365, 0, 0, 10000, 0, NULL, '2016-09-14 19:46:13', 1, '0000-00-00 00:00:00', NULL),
(2, 0x5061696420746f2053686f796562, 10000, 0, 0, 0, NULL, '2016-09-14 19:46:37', 1, '0000-00-00 00:00:00', NULL),
(3, 0x5061696420746f204d6f74686572, 10000, 0, -10000, 1, 1, '2016-09-14 19:47:25', 1, '0000-00-00 00:00:00', NULL);

-- --------------------------------------------------------

--
-- Table structure for table `bf_activities`
--

DROP TABLE IF EXISTS `bf_activities`;
CREATE TABLE `bf_activities` (
  `activity_id` bigint(20) NOT NULL,
  `user_id` bigint(20) UNSIGNED NOT NULL DEFAULT '0',
  `activity` varchar(255) NOT NULL,
  `module` varchar(255) NOT NULL,
  `created_on` datetime NOT NULL,
  `deleted` tinyint(12) NOT NULL DEFAULT '0'
) ENGINE=InnoDB DEFAULT CHARSET=utf8;

--
-- Dumping data for table `bf_activities`
--

INSERT INTO `bf_activities` (`activity_id`, `user_id`, `activity`, `module`, `created_on`, `deleted`) VALUES
(1, 1, 'logged in from: 127.0.0.1', 'users', '2016-09-13 22:52:37', 0),
(2, 1, 'created a new Editor: Kanny - Editor', 'users', '2016-09-14 10:08:46', 0),
(3, 2, 'logged in from: 127.0.0.1', 'users', '2016-09-14 10:14:02', 0),
(4, 1, 'logged in from: 127.0.0.1', 'users', '2016-09-14 10:22:53', 0),
(5, 1, 'logged in from: ::1', 'users', '2016-09-14 11:52:08', 0),
(6, 1, 'Created Module: Account : ::1', 'modulebuilder', '2016-09-14 11:52:44', 0),
(7, 1, 'logged in from: ::1', 'users', '2016-09-14 19:40:42', 0),
(8, 1, 'Deleted Module: Account : ::1', 'builder', '2016-09-14 19:40:50', 0),
(9, 1, 'Deleted Module: Account : ::1', 'builder', '2016-09-14 19:41:06', 0),
(10, 1, 'Created Module: Account : ::1', 'modulebuilder', '2016-09-14 19:44:47', 0),
(11, 1, 'Created record with ID: 1 : ::1', 'account', '2016-09-14 19:46:13', 0),
(12, 1, 'Created record with ID: 2 : ::1', 'account', '2016-09-14 19:46:37', 0),
(13, 1, 'Created record with ID: 3 : ::1', 'account', '2016-09-14 19:47:25', 0),
(14, 1, 'Deleted record with ID: 3 : ::1', 'account', '2016-09-14 19:47:38', 0),
(15, 1, 'logged in from: ::1', 'users', '2016-09-15 10:17:19', 0),
(16, 1, 'logged in from: ::1', 'users', '2016-09-15 19:11:08', 0),
(17, 1, 'Created Module: Todo : ::1', 'modulebuilder', '2016-09-15 19:36:22', 0),
(18, 1, 'Created record with ID: 1 : ::1', 'todo', '2016-09-15 19:36:55', 0),
(19, 1, 'Updated record with ID: 1 : ::1', 'todo', '2016-09-15 19:37:14', 0),
(20, 1, 'Created record with ID: 2 : ::1', 'todo', '2016-09-15 19:40:23', 0),
(21, 1, 'logged in from: ::1', 'users', '2016-09-15 22:28:39', 0),
(22, 1, 'logged in from: ::1', 'users', '2016-09-16 08:33:10', 0),
(23, 1, 'logged in from: ::1', 'users', '2016-09-16 13:01:08', 0),
(24, 1, 'Created Module: Masnum : ::1', 'modulebuilder', '2016-09-16 13:02:48', 0),
(25, 1, 'logged in from: ::1', 'users', '2016-09-16 20:30:31', 0),
(26, 1, 'logged in from: ::1', 'users', '2016-09-17 17:41:06', 0),
(27, 1, 'logged in from: ::1', 'users', '2016-09-17 20:27:02', 0),
(28, 1, 'logged in from: ::1', 'users', '2016-09-18 19:11:29', 0),
(29, 1, 'Created Module: Gallery : ::1', 'modulebuilder', '2016-09-18 21:42:31', 0);

-- --------------------------------------------------------

--
-- Table structure for table `bf_ci3_sessions`
--

DROP TABLE IF EXISTS `bf_ci3_sessions`;
CREATE TABLE `bf_ci3_sessions` (
  `id` varchar(40) NOT NULL,
  `ip_address` varchar(45) NOT NULL,
  `timestamp` int(10) UNSIGNED NOT NULL DEFAULT '0',
  `data` blob NOT NULL
) ENGINE=InnoDB DEFAULT CHARSET=utf8;

--
-- Dumping data for table `bf_ci3_sessions`
--

INSERT INTO `bf_ci3_sessions` (`id`, `ip_address`, `timestamp`, `data`) VALUES
('09f63fa76a368aa9034f1bab83e4b4c60e600943', '::1', 1474140235, 0x5f5f63695f6c6173745f726567656e65726174657c693a313437343134303034323b7265717565737465645f706167657c733a36353a22687474703a2f2f6c6f63616c686f73742f426f6e666972652f7075626c69632f696e6465782e7068702f61646d696e2f646576656c6f7065722f6275696c646572223b757365725f69647c733a313a2231223b617574685f637573746f6d7c733a353a2261646d696e223b757365725f746f6b656e7c733a34303a2265323966383862306539393434393239333037373532376432303335303638646264353037363463223b6964656e746974797c733a31393a2261646d696e406d79626f6e666972652e636f6d223b726f6c655f69647c733a313a2231223b6c6f676765645f696e7c623a313b6c616e67756167657c733a373a22656e676c697368223b70726576696f75735f706167657c733a36353a22687474703a2f2f6c6f63616c686f73742f426f6e666972652f7075626c69632f696e6465782e7068702f61646d696e2f646576656c6f7065722f6275696c646572223b),
('0f2bcdb71c518cf97580c8dc045c2da166b437bd', '::1', 1474223677, 0x5f5f63695f6c6173745f726567656e65726174657c693a313437343232333631393b757365725f69647c733a313a2231223b617574685f637573746f6d7c733a353a2261646d696e223b757365725f746f6b656e7c733a34303a2265323966383862306539393434393239333037373532376432303335303638646264353037363463223b6964656e746974797c733a31393a2261646d696e406d79626f6e666972652e636f6d223b726f6c655f69647c733a313a2231223b6c6f676765645f696e7c623a313b7265717565737465645f706167657c733a37313a22687474703a2f2f6c6f63616c686f73742f426f6e666972652f7075626c69632f696e6465782e7068702f61646d696e2f73657474696e67732f656d61696c65722f637265617465223b70726576696f75735f706167657c733a37313a22687474703a2f2f6c6f63616c686f73742f426f6e666972652f7075626c69632f696e6465782e7068702f61646d696e2f73657474696e67732f656d61696c65722f637265617465223b6c616e67756167657c733a373a22656e676c697368223b),
('1493e134b2311c3962ea19d6530dfe2ee48b9b88', '::1', 1474220370, 0x5f5f63695f6c6173745f726567656e65726174657c693a313437343232303334353b757365725f69647c733a313a2231223b617574685f637573746f6d7c733a353a2261646d696e223b757365725f746f6b656e7c733a34303a2265323966383862306539393434393239333037373532376432303335303638646264353037363463223b6964656e746974797c733a31393a2261646d696e406d79626f6e666972652e636f6d223b726f6c655f69647c733a313a2231223b6c6f676765645f696e7c623a313b7265717565737465645f706167657c733a36363a22687474703a2f2f6c6f63616c686f73742f426f6e666972652f7075626c69632f696e6465782e7068702f61646d696e2f7265706f7274732f61637469766974696573223b70726576696f75735f706167657c733a36363a22687474703a2f2f6c6f63616c686f73742f426f6e666972652f7075626c69632f696e6465782e7068702f61646d696e2f7265706f7274732f61637469766974696573223b6c616e67756167657c733a373a22656e676c697368223b),
('1e1babebdb687fe390f96f96c127062c49a7a1d7', '::1', 1474138989, 0x5f5f63695f6c6173745f726567656e65726174657c693a313437343133383833363b7265717565737465645f706167657c733a35393a22687474703a2f2f6c6f63616c686f73742f426f6e666972652f7075626c69632f696e6465782e7068702f61646d696e2f73657474696e67732f7569223b757365725f69647c733a313a2231223b617574685f637573746f6d7c733a353a2261646d696e223b757365725f746f6b656e7c733a34303a2265323966383862306539393434393239333037373532376432303335303638646264353037363463223b6964656e746974797c733a31393a2261646d696e406d79626f6e666972652e636f6d223b726f6c655f69647c733a313a2231223b6c6f676765645f696e7c623a313b6c616e67756167657c733a373a22656e676c697368223b70726576696f75735f706167657c733a35393a22687474703a2f2f6c6f63616c686f73742f426f6e666972652f7075626c69632f696e6465782e7068702f61646d696e2f73657474696e67732f7569223b),
('25509d2d9eb89809378cb8b32d50919a399a2bf7', '::1', 1474227067, 0x5f5f63695f6c6173745f726567656e65726174657c693a313437343232363936383b757365725f69647c733a313a2231223b617574685f637573746f6d7c733a353a2261646d696e223b757365725f746f6b656e7c733a34303a2265323966383862306539393434393239333037373532376432303335303638646264353037363463223b6964656e746974797c733a31393a2261646d696e406d79626f6e666972652e636f6d223b726f6c655f69647c733a313a2231223b6c6f676765645f696e7c623a313b7265717565737465645f706167657c733a36353a22687474703a2f2f6c6f63616c686f73742f426f6e666972652f7075626c69632f696e6465782e7068702f61646d696e2f646576656c6f7065722f6163636f756e74223b70726576696f75735f706167657c733a36353a22687474703a2f2f6c6f63616c686f73742f426f6e666972652f7075626c69632f696e6465782e7068702f61646d696e2f646576656c6f7065722f6163636f756e74223b6c616e67756167657c733a373a22656e676c697368223b),
('695a596777d4e3e9a5bb846bb590961f66df83ef', '::1', 1474227783, 0x5f5f63695f6c6173745f726567656e65726174657c693a313437343232373439333b757365725f69647c733a313a2231223b617574685f637573746f6d7c733a353a2261646d696e223b757365725f746f6b656e7c733a34303a2265323966383862306539393434393239333037373532376432303335303638646264353037363463223b6964656e746974797c733a31393a2261646d696e406d79626f6e666972652e636f6d223b726f6c655f69647c733a313a2231223b6c6f676765645f696e7c623a313b7265717565737465645f706167657c733a37323a22687474703a2f2f6c6f63616c686f73742f426f6e666972652f7075626c69632f696e6465782e7068702f61646d696e2f646576656c6f7065722f67616c6c6572792f637265617465223b70726576696f75735f706167657c733a37323a22687474703a2f2f6c6f63616c686f73742f426f6e666972652f7075626c69632f696e6465782e7068702f61646d696e2f646576656c6f7065722f67616c6c6572792f637265617465223b6c616e67756167657c733a373a22656e676c697368223b),
('6999cf6b8adc4f88b89a858e21830c1f9ada7ec8', '::1', 1474146867, 0x5f5f63695f6c6173745f726567656e65726174657c693a313437343134363836373b7265717565737465645f706167657c733a34313a22687474703a2f2f6c6f63616c686f73742f426f6e666972652f7075626c69632f696e6465782e706870223b70726576696f75735f706167657c733a34313a22687474703a2f2f6c6f63616c686f73742f426f6e666972652f7075626c69632f696e6465782e706870223b),
('8acc71519333f22c377cec10296b65aece68d76b', '::1', 1474219535, 0x5f5f63695f6c6173745f726567656e65726174657c693a313437343231393333393b757365725f69647c733a313a2231223b617574685f637573746f6d7c733a353a2261646d696e223b757365725f746f6b656e7c733a34303a2265323966383862306539393434393239333037373532376432303335303638646264353037363463223b6964656e746974797c733a31393a2261646d696e406d79626f6e666972652e636f6d223b726f6c655f69647c733a313a2231223b6c6f676765645f696e7c623a313b7265717565737465645f706167657c733a34313a22687474703a2f2f6c6f63616c686f73742f426f6e666972652f7075626c69632f696e6465782e706870223b70726576696f75735f706167657c733a34313a22687474703a2f2f6c6f63616c686f73742f426f6e666972652f7075626c69632f696e6465782e706870223b6c616e67756167657c733a373a22656e676c697368223b),
('9742f5d3d010135c2f48628cd03be561288eab97', '::1', 1474136833, 0x5f5f63695f6c6173745f726567656e65726174657c693a313437343133363830373b7265717565737465645f706167657c733a36323a22687474703a2f2f6c6f63616c686f73742f426f6e666972652f7075626c69632f696e6465782e7068702f61646d696e2f73657474696e67732f726f6c6573223b757365725f69647c733a313a2231223b617574685f637573746f6d7c733a353a2261646d696e223b757365725f746f6b656e7c733a34303a2265323966383862306539393434393239333037373532376432303335303638646264353037363463223b6964656e746974797c733a31393a2261646d696e406d79626f6e666972652e636f6d223b726f6c655f69647c733a313a2231223b6c6f676765645f696e7c623a313b6c616e67756167657c733a373a22656e676c697368223b70726576696f75735f706167657c733a36323a22687474703a2f2f6c6f63616c686f73742f426f6e666972652f7075626c69632f696e6465782e7068702f61646d696e2f73657474696e67732f726f6c6573223b),
('9845796c132940620c7a7b084f7acc4c06cfa582', '::1', 1474145781, 0x5f5f63695f6c6173745f726567656e65726174657c693a313437343134353530373b7265717565737465645f706167657c733a36323a22687474703a2f2f6c6f63616c686f73742f426f6e666972652f7075626c69632f696e6465782e7068702f61646d696e2f646576656c6f7065722f746f646f223b757365725f69647c733a313a2231223b617574685f637573746f6d7c733a353a2261646d696e223b757365725f746f6b656e7c733a34303a2265323966383862306539393434393239333037373532376432303335303638646264353037363463223b6964656e746974797c733a31393a2261646d696e406d79626f6e666972652e636f6d223b726f6c655f69647c733a313a2231223b6c6f676765645f696e7c623a313b6c616e67756167657c733a373a22656e676c697368223b70726576696f75735f706167657c733a36323a22687474703a2f2f6c6f63616c686f73742f426f6e666972652f7075626c69632f696e6465782e7068702f61646d696e2f646576656c6f7065722f746f646f223b),
('9c0cceb294a6b4d4c567919aec4f9ca0b6843308', '::1', 1474138172, 0x5f5f63695f6c6173745f726567656e65726174657c693a313437343133383137323b7265717565737465645f706167657c733a36323a22687474703a2f2f6c6f63616c686f73742f426f6e666972652f7075626c69632f696e6465782e7068702f61646d696e2f73657474696e67732f726f6c6573223b757365725f69647c733a313a2231223b617574685f637573746f6d7c733a353a2261646d696e223b757365725f746f6b656e7c733a34303a2265323966383862306539393434393239333037373532376432303335303638646264353037363463223b6964656e746974797c733a31393a2261646d696e406d79626f6e666972652e636f6d223b726f6c655f69647c733a313a2231223b6c6f676765645f696e7c623a313b6c616e67756167657c733a373a22656e676c697368223b70726576696f75735f706167657c733a36323a22687474703a2f2f6c6f63616c686f73742f426f6e666972652f7075626c69632f696e6465782e7068702f61646d696e2f73657474696e67732f726f6c6573223b),
('adc65f6e416ec03ea1503087de4da48a873b5521', '::1', 1474140014, 0x5f5f63695f6c6173745f726567656e65726174657c693a313437343133393731383b7265717565737465645f706167657c733a35393a22687474703a2f2f6c6f63616c686f73742f426f6e666972652f7075626c69632f696e6465782e7068702f61646d696e2f73657474696e67732f7569223b757365725f69647c733a313a2231223b617574685f637573746f6d7c733a353a2261646d696e223b757365725f746f6b656e7c733a34303a2265323966383862306539393434393239333037373532376432303335303638646264353037363463223b6964656e746974797c733a31393a2261646d696e406d79626f6e666972652e636f6d223b726f6c655f69647c733a313a2231223b6c6f676765645f696e7c623a313b6c616e67756167657c733a373a22656e676c697368223b70726576696f75735f706167657c733a35393a22687474703a2f2f6c6f63616c686f73742f426f6e666972652f7075626c69632f696e6465782e7068702f61646d696e2f73657474696e67732f7569223b),
('bacc9f4c8135a1426651dd59fe47ea9780ef8c37', '::1', 1474140983, 0x5f5f63695f6c6173745f726567656e65726174657c693a313437343134303938333b7265717565737465645f706167657c733a36353a22687474703a2f2f6c6f63616c686f73742f426f6e666972652f7075626c69632f696e6465782e7068702f61646d696e2f646576656c6f7065722f6275696c646572223b757365725f69647c733a313a2231223b617574685f637573746f6d7c733a353a2261646d696e223b757365725f746f6b656e7c733a34303a2265323966383862306539393434393239333037373532376432303335303638646264353037363463223b6964656e746974797c733a31393a2261646d696e406d79626f6e666972652e636f6d223b726f6c655f69647c733a313a2231223b6c6f676765645f696e7c623a313b6c616e67756167657c733a373a22656e676c697368223b70726576696f75735f706167657c733a36353a22687474703a2f2f6c6f63616c686f73742f426f6e666972652f7075626c69632f696e6465782e7068702f61646d696e2f646576656c6f7065722f6275696c646572223b),
('c278dd14c7c847a8e773fa4e94f9ad05896f8705', '::1', 1474218698, 0x5f5f63695f6c6173745f726567656e65726174657c693a313437343231383636303b757365725f69647c733a313a2231223b617574685f637573746f6d7c733a353a2261646d696e223b757365725f746f6b656e7c733a34303a2265323966383862306539393434393239333037373532376432303335303638646264353037363463223b6964656e746974797c733a31393a2261646d696e406d79626f6e666972652e636f6d223b726f6c655f69647c733a313a2231223b6c6f676765645f696e7c623a313b7265717565737465645f706167657c733a35353a22687474703a2f2f6c6f63616c686f73742f426f6e666972652f7075626c69632f696e6465782e7068702f61646d696e2f636f6e74656e74223b70726576696f75735f706167657c733a35353a22687474703a2f2f6c6f63616c686f73742f426f6e666972652f7075626c69632f696e6465782e7068702f61646d696e2f636f6e74656e74223b6c616e67756167657c733a373a22656e676c697368223b),
('cefe77c4a4137a940e741635665ceb5d139cffbc', '::1', 1474146083, 0x5f5f63695f6c6173745f726567656e65726174657c693a313437343134353833363b7265717565737465645f706167657c733a36323a22687474703a2f2f6c6f63616c686f73742f426f6e666972652f7075626c69632f696e6465782e7068702f61646d696e2f646576656c6f7065722f746f646f223b757365725f69647c733a313a2231223b617574685f637573746f6d7c733a353a2261646d696e223b757365725f746f6b656e7c733a34303a2265323966383862306539393434393239333037373532376432303335303638646264353037363463223b6964656e746974797c733a31393a2261646d696e406d79626f6e666972652e636f6d223b726f6c655f69647c733a313a2231223b6c6f676765645f696e7c623a313b6c616e67756167657c733a373a22656e676c697368223b70726576696f75735f706167657c733a36323a22687474703a2f2f6c6f63616c686f73742f426f6e666972652f7075626c69632f696e6465782e7068702f61646d696e2f646576656c6f7065722f746f646f223b),
('e487ab21485ac1069a196a0aa3f42f0027c22cac', '::1', 1474143191, 0x5f5f63695f6c6173745f726567656e65726174657c693a313437343134333032363b7265717565737465645f706167657c733a36323a22687474703a2f2f6c6f63616c686f73742f426f6e666972652f7075626c69632f696e6465782e7068702f61646d696e2f646576656c6f7065722f746f646f223b757365725f69647c733a313a2231223b617574685f637573746f6d7c733a353a2261646d696e223b757365725f746f6b656e7c733a34303a2265323966383862306539393434393239333037373532376432303335303638646264353037363463223b6964656e746974797c733a31393a2261646d696e406d79626f6e666972652e636f6d223b726f6c655f69647c733a313a2231223b6c6f676765645f696e7c623a313b6c616e67756167657c733a373a22656e676c697368223b70726576696f75735f706167657c733a36323a22687474703a2f2f6c6f63616c686f73742f426f6e666972652f7075626c69632f696e6465782e7068702f61646d696e2f646576656c6f7065722f746f646f223b),
('e58879b189d71b9e813f02361b37839e50e57c40', '::1', 1474223317, 0x5f5f63695f6c6173745f726567656e65726174657c693a313437343232333331373b757365725f69647c733a313a2231223b617574685f637573746f6d7c733a353a2261646d696e223b757365725f746f6b656e7c733a34303a2265323966383862306539393434393239333037373532376432303335303638646264353037363463223b6964656e746974797c733a31393a2261646d696e406d79626f6e666972652e636f6d223b726f6c655f69647c733a313a2231223b6c6f676765645f696e7c623a313b7265717565737465645f706167657c733a36343a22687474703a2f2f6c6f63616c686f73742f426f6e666972652f7075626c69632f696e6465782e7068702f61646d696e2f73657474696e67732f6163636f756e74223b70726576696f75735f706167657c733a36343a22687474703a2f2f6c6f63616c686f73742f426f6e666972652f7075626c69632f696e6465782e7068702f61646d696e2f73657474696e67732f6163636f756e74223b6c616e67756167657c733a373a22656e676c697368223b),
('eb141115b5de44b077bd4d2116476aca0f755384', '::1', 1474222782, 0x5f5f63695f6c6173745f726567656e65726174657c693a313437343232323738313b757365725f69647c733a313a2231223b617574685f637573746f6d7c733a353a2261646d696e223b757365725f746f6b656e7c733a34303a2265323966383862306539393434393239333037373532376432303335303638646264353037363463223b6964656e746974797c733a31393a2261646d696e406d79626f6e666972652e636f6d223b726f6c655f69647c733a313a2231223b6c6f676765645f696e7c623a313b7265717565737465645f706167657c733a36343a22687474703a2f2f6c6f63616c686f73742f426f6e666972652f7075626c69632f696e6465782e7068702f61646d696e2f73657474696e67732f6163636f756e74223b70726576696f75735f706167657c733a36343a22687474703a2f2f6c6f63616c686f73742f426f6e666972652f7075626c69632f696e6465782e7068702f61646d696e2f73657474696e67732f6163636f756e74223b6c616e67756167657c733a373a22656e676c697368223b),
('ef63a4cf191629d83e936e90219d31eb0257bce7', '::1', 1474140558, 0x5f5f63695f6c6173745f726567656e65726174657c693a313437343134303532363b7265717565737465645f706167657c733a36353a22687474703a2f2f6c6f63616c686f73742f426f6e666972652f7075626c69632f696e6465782e7068702f61646d696e2f646576656c6f7065722f6275696c646572223b757365725f69647c733a313a2231223b617574685f637573746f6d7c733a353a2261646d696e223b757365725f746f6b656e7c733a34303a2265323966383862306539393434393239333037373532376432303335303638646264353037363463223b6964656e746974797c733a31393a2261646d696e406d79626f6e666972652e636f6d223b726f6c655f69647c733a313a2231223b6c6f676765645f696e7c623a313b6c616e67756167657c733a373a22656e676c697368223b70726576696f75735f706167657c733a36353a22687474703a2f2f6c6f63616c686f73742f426f6e666972652f7075626c69632f696e6465782e7068702f61646d696e2f646576656c6f7065722f6275696c646572223b),
('f3f0bbd8499a5acb2c9402b60a61ac5c4b754f73', '::1', 1474221392, 0x5f5f63695f6c6173745f726567656e65726174657c693a313437343232313336333b757365725f69647c733a313a2231223b617574685f637573746f6d7c733a353a2261646d696e223b757365725f746f6b656e7c733a34303a2265323966383862306539393434393239333037373532376432303335303638646264353037363463223b6964656e746974797c733a31393a2261646d696e406d79626f6e666972652e636f6d223b726f6c655f69647c733a313a2231223b6c6f676765645f696e7c623a313b7265717565737465645f706167657c733a36343a22687474703a2f2f6c6f63616c686f73742f426f6e666972652f7075626c69632f696e6465782e7068702f61646d696e2f73657474696e67732f6163636f756e74223b70726576696f75735f706167657c733a36343a22687474703a2f2f6c6f63616c686f73742f426f6e666972652f7075626c69632f696e6465782e7068702f61646d696e2f73657474696e67732f6163636f756e74223b6c616e67756167657c733a373a22656e676c697368223b),
('fe831ea597a7868cb73eb9599a8601bf0fd3105d', '::1', 1474227843, 0x5f5f63695f6c6173745f726567656e65726174657c693a313437343232373834333b757365725f69647c733a313a2231223b617574685f637573746f6d7c733a353a2261646d696e223b757365725f746f6b656e7c733a34303a2265323966383862306539393434393239333037373532376432303335303638646264353037363463223b6964656e746974797c733a31393a2261646d696e406d79626f6e666972652e636f6d223b726f6c655f69647c733a313a2231223b6c6f676765645f696e7c623a313b7265717565737465645f706167657c733a37323a22687474703a2f2f6c6f63616c686f73742f426f6e666972652f7075626c69632f696e6465782e7068702f61646d696e2f646576656c6f7065722f67616c6c6572792f637265617465223b70726576696f75735f706167657c733a37323a22687474703a2f2f6c6f63616c686f73742f426f6e666972652f7075626c69632f696e6465782e7068702f61646d696e2f646576656c6f7065722f67616c6c6572792f637265617465223b6c616e67756167657c733a373a22656e676c697368223b);

-- --------------------------------------------------------

--
-- Table structure for table `bf_countries`
--

DROP TABLE IF EXISTS `bf_countries`;
CREATE TABLE `bf_countries` (
  `iso` char(2) NOT NULL DEFAULT 'US',
  `name` varchar(80) NOT NULL,
  `printable_name` varchar(80) NOT NULL,
  `iso3` char(3) DEFAULT NULL,
  `numcode` smallint(6) DEFAULT NULL
) ENGINE=InnoDB DEFAULT CHARSET=utf8;

--
-- Dumping data for table `bf_countries`
--

INSERT INTO `bf_countries` (`iso`, `name`, `printable_name`, `iso3`, `numcode`) VALUES
('AD', 'ANDORRA', 'Andorra', 'AND', 20),
('AE', 'UNITED ARAB EMIRATES', 'United Arab Emirates', 'ARE', 784),
('AF', 'AFGHANISTAN', 'Afghanistan', 'AFG', 4),
('AG', 'ANTIGUA AND BARBUDA', 'Antigua and Barbuda', 'ATG', 28),
('AI', 'ANGUILLA', 'Anguilla', 'AIA', 660),
('AL', 'ALBANIA', 'Albania', 'ALB', 8),
('AM', 'ARMENIA', 'Armenia', 'ARM', 51),
('AN', 'NETHERLANDS ANTILLES', 'Netherlands Antilles', 'ANT', 530),
('AO', 'ANGOLA', 'Angola', 'AGO', 24),
('AQ', 'ANTARCTICA', 'Antarctica', NULL, NULL),
('AR', 'ARGENTINA', 'Argentina', 'ARG', 32),
('AS', 'AMERICAN SAMOA', 'American Samoa', 'ASM', 16),
('AT', 'AUSTRIA', 'Austria', 'AUT', 40),
('AU', 'AUSTRALIA', 'Australia', 'AUS', 36),
('AW', 'ARUBA', 'Aruba', 'ABW', 533),
('AZ', 'AZERBAIJAN', 'Azerbaijan', 'AZE', 31),
('BA', 'BOSNIA AND HERZEGOVINA', 'Bosnia and Herzegovina', 'BIH', 70),
('BB', 'BARBADOS', 'Barbados', 'BRB', 52),
('BD', 'BANGLADESH', 'Bangladesh', 'BGD', 50),
('BE', 'BELGIUM', 'Belgium', 'BEL', 56),
('BF', 'BURKINA FASO', 'Burkina Faso', 'BFA', 854),
('BG', 'BULGARIA', 'Bulgaria', 'BGR', 100),
('BH', 'BAHRAIN', 'Bahrain', 'BHR', 48),
('BI', 'BURUNDI', 'Burundi', 'BDI', 108),
('BJ', 'BENIN', 'Benin', 'BEN', 204),
('BM', 'BERMUDA', 'Bermuda', 'BMU', 60),
('BN', 'BRUNEI DARUSSALAM', 'Brunei Darussalam', 'BRN', 96),
('BO', 'BOLIVIA', 'Bolivia', 'BOL', 68),
('BR', 'BRAZIL', 'Brazil', 'BRA', 76),
('BS', 'BAHAMAS', 'Bahamas', 'BHS', 44),
('BT', 'BHUTAN', 'Bhutan', 'BTN', 64),
('BV', 'BOUVET ISLAND', 'Bouvet Island', NULL, NULL),
('BW', 'BOTSWANA', 'Botswana', 'BWA', 72),
('BY', 'BELARUS', 'Belarus', 'BLR', 112),
('BZ', 'BELIZE', 'Belize', 'BLZ', 84),
('CA', 'CANADA', 'Canada', 'CAN', 124),
('CC', 'COCOS (KEELING) ISLANDS', 'Cocos (Keeling) Islands', NULL, NULL),
('CD', 'CONGO, THE DEMOCRATIC REPUBLIC OF THE', 'Congo, the Democratic Republic of the', 'COD', 180),
('CF', 'CENTRAL AFRICAN REPUBLIC', 'Central African Republic', 'CAF', 140),
('CG', 'CONGO', 'Congo', 'COG', 178),
('CH', 'SWITZERLAND', 'Switzerland', 'CHE', 756),
('CI', 'COTE D''IVOIRE', 'Cote D''Ivoire', 'CIV', 384),
('CK', 'COOK ISLANDS', 'Cook Islands', 'COK', 184),
('CL', 'CHILE', 'Chile', 'CHL', 152),
('CM', 'CAMEROON', 'Cameroon', 'CMR', 120),
('CN', 'CHINA', 'China', 'CHN', 156),
('CO', 'COLOMBIA', 'Colombia', 'COL', 170),
('CR', 'COSTA RICA', 'Costa Rica', 'CRI', 188),
('CS', 'SERBIA AND MONTENEGRO', 'Serbia and Montenegro', NULL, NULL),
('CU', 'CUBA', 'Cuba', 'CUB', 192),
('CV', 'CAPE VERDE', 'Cape Verde', 'CPV', 132),
('CX', 'CHRISTMAS ISLAND', 'Christmas Island', NULL, NULL),
('CY', 'CYPRUS', 'Cyprus', 'CYP', 196),
('CZ', 'CZECH REPUBLIC', 'Czech Republic', 'CZE', 203),
('DE', 'GERMANY', 'Germany', 'DEU', 276),
('DJ', 'DJIBOUTI', 'Djibouti', 'DJI', 262),
('DK', 'DENMARK', 'Denmark', 'DNK', 208),
('DM', 'DOMINICA', 'Dominica', 'DMA', 212),
('DO', 'DOMINICAN REPUBLIC', 'Dominican Republic', 'DOM', 214),
('DZ', 'ALGERIA', 'Algeria', 'DZA', 12),
('EC', 'ECUADOR', 'Ecuador', 'ECU', 218),
('EE', 'ESTONIA', 'Estonia', 'EST', 233),
('EG', 'EGYPT', 'Egypt', 'EGY', 818),
('EH', 'WESTERN SAHARA', 'Western Sahara', 'ESH', 732),
('ER', 'ERITREA', 'Eritrea', 'ERI', 232),
('ES', 'SPAIN', 'Spain', 'ESP', 724),
('ET', 'ETHIOPIA', 'Ethiopia', 'ETH', 231),
('FI', 'FINLAND', 'Finland', 'FIN', 246),
('FJ', 'FIJI', 'Fiji', 'FJI', 242),
('FK', 'FALKLAND ISLANDS (MALVINAS)', 'Falkland Islands (Malvinas)', 'FLK', 238),
('FM', 'MICRONESIA, FEDERATED STATES OF', 'Micronesia, Federated States of', 'FSM', 583),
('FO', 'FAROE ISLANDS', 'Faroe Islands', 'FRO', 234),
('FR', 'FRANCE', 'France', 'FRA', 250),
('GA', 'GABON', 'Gabon', 'GAB', 266),
('GB', 'UNITED KINGDOM', 'United Kingdom', 'GBR', 826),
('GD', 'GRENADA', 'Grenada', 'GRD', 308),
('GE', 'GEORGIA', 'Georgia', 'GEO', 268),
('GF', 'FRENCH GUIANA', 'French Guiana', 'GUF', 254),
('GH', 'GHANA', 'Ghana', 'GHA', 288),
('GI', 'GIBRALTAR', 'Gibraltar', 'GIB', 292),
('GL', 'GREENLAND', 'Greenland', 'GRL', 304),
('GM', 'GAMBIA', 'Gambia', 'GMB', 270),
('GN', 'GUINEA', 'Guinea', 'GIN', 324),
('GP', 'GUADELOUPE', 'Guadeloupe', 'GLP', 312),
('GQ', 'EQUATORIAL GUINEA', 'Equatorial Guinea', 'GNQ', 226),
('GR', 'GREECE', 'Greece', 'GRC', 300),
('GS', 'SOUTH GEORGIA AND THE SOUTH SANDWICH ISLANDS', 'South Georgia and the South Sandwich Islands', NULL, NULL),
('GT', 'GUATEMALA', 'Guatemala', 'GTM', 320),
('GU', 'GUAM', 'Guam', 'GUM', 316),
('GW', 'GUINEA-BISSAU', 'Guinea-Bissau', 'GNB', 624),
('GY', 'GUYANA', 'Guyana', 'GUY', 328),
('HK', 'HONG KONG', 'Hong Kong', 'HKG', 344),
('HM', 'HEARD ISLAND AND MCDONALD ISLANDS', 'Heard Island and Mcdonald Islands', NULL, NULL),
('HN', 'HONDURAS', 'Honduras', 'HND', 340),
('HR', 'CROATIA', 'Croatia', 'HRV', 191),
('HT', 'HAITI', 'Haiti', 'HTI', 332),
('HU', 'HUNGARY', 'Hungary', 'HUN', 348),
('ID', 'INDONESIA', 'Indonesia', 'IDN', 360),
('IE', 'IRELAND', 'Ireland', 'IRL', 372),
('IL', 'ISRAEL', 'Israel', 'ISR', 376),
('IN', 'INDIA', 'India', 'IND', 356),
('IO', 'BRITISH INDIAN OCEAN TERRITORY', 'British Indian Ocean Territory', NULL, NULL),
('IQ', 'IRAQ', 'Iraq', 'IRQ', 368),
('IR', 'IRAN, ISLAMIC REPUBLIC OF', 'Iran, Islamic Republic of', 'IRN', 364),
('IS', 'ICELAND', 'Iceland', 'ISL', 352),
('IT', 'ITALY', 'Italy', 'ITA', 380),
('JM', 'JAMAICA', 'Jamaica', 'JAM', 388),
('JO', 'JORDAN', 'Jordan', 'JOR', 400),
('JP', 'JAPAN', 'Japan', 'JPN', 392),
('KE', 'KENYA', 'Kenya', 'KEN', 404),
('KG', 'KYRGYZSTAN', 'Kyrgyzstan', 'KGZ', 417),
('KH', 'CAMBODIA', 'Cambodia', 'KHM', 116),
('KI', 'KIRIBATI', 'Kiribati', 'KIR', 296),
('KM', 'COMOROS', 'Comoros', 'COM', 174),
('KN', 'SAINT KITTS AND NEVIS', 'Saint Kitts and Nevis', 'KNA', 659),
('KP', 'KOREA, DEMOCRATIC PEOPLE''S REPUBLIC OF', 'Korea, Democratic People''s Republic of', 'PRK', 408),
('KR', 'KOREA, REPUBLIC OF', 'Korea, Republic of', 'KOR', 410),
('KW', 'KUWAIT', 'Kuwait', 'KWT', 414),
('KY', 'CAYMAN ISLANDS', 'Cayman Islands', 'CYM', 136),
('KZ', 'KAZAKHSTAN', 'Kazakhstan', 'KAZ', 398),
('LA', 'LAO PEOPLE''S DEMOCRATIC REPUBLIC', 'Lao People''s Democratic Republic', 'LAO', 418),
('LB', 'LEBANON', 'Lebanon', 'LBN', 422),
('LC', 'SAINT LUCIA', 'Saint Lucia', 'LCA', 662),
('LI', 'LIECHTENSTEIN', 'Liechtenstein', 'LIE', 438),
('LK', 'SRI LANKA', 'Sri Lanka', 'LKA', 144),
('LR', 'LIBERIA', 'Liberia', 'LBR', 430),
('LS', 'LESOTHO', 'Lesotho', 'LSO', 426),
('LT', 'LITHUANIA', 'Lithuania', 'LTU', 440),
('LU', 'LUXEMBOURG', 'Luxembourg', 'LUX', 442),
('LV', 'LATVIA', 'Latvia', 'LVA', 428),
('LY', 'LIBYAN ARAB JAMAHIRIYA', 'Libyan Arab Jamahiriya', 'LBY', 434),
('MA', 'MOROCCO', 'Morocco', 'MAR', 504),
('MC', 'MONACO', 'Monaco', 'MCO', 492),
('MD', 'MOLDOVA, REPUBLIC OF', 'Moldova, Republic of', 'MDA', 498),
('MG', 'MADAGASCAR', 'Madagascar', 'MDG', 450),
('MH', 'MARSHALL ISLANDS', 'Marshall Islands', 'MHL', 584),
('MK', 'MACEDONIA, THE FORMER YUGOSLAV REPUBLIC OF', 'Macedonia, the Former Yugoslav Republic of', 'MKD', 807),
('ML', 'MALI', 'Mali', 'MLI', 466),
('MM', 'MYANMAR', 'Myanmar', 'MMR', 104),
('MN', 'MONGOLIA', 'Mongolia', 'MNG', 496),
('MO', 'MACAO', 'Macao', 'MAC', 446),
('MP', 'NORTHERN MARIANA ISLANDS', 'Northern Mariana Islands', 'MNP', 580),
('MQ', 'MARTINIQUE', 'Martinique', 'MTQ', 474),
('MR', 'MAURITANIA', 'Mauritania', 'MRT', 478),
('MS', 'MONTSERRAT', 'Montserrat', 'MSR', 500),
('MT', 'MALTA', 'Malta', 'MLT', 470),
('MU', 'MAURITIUS', 'Mauritius', 'MUS', 480),
('MV', 'MALDIVES', 'Maldives', 'MDV', 462),
('MW', 'MALAWI', 'Malawi', 'MWI', 454),
('MX', 'MEXICO', 'Mexico', 'MEX', 484),
('MY', 'MALAYSIA', 'Malaysia', 'MYS', 458),
('MZ', 'MOZAMBIQUE', 'Mozambique', 'MOZ', 508),
('NA', 'NAMIBIA', 'Namibia', 'NAM', 516),
('NC', 'NEW CALEDONIA', 'New Caledonia', 'NCL', 540),
('NE', 'NIGER', 'Niger', 'NER', 562),
('NF', 'NORFOLK ISLAND', 'Norfolk Island', 'NFK', 574),
('NG', 'NIGERIA', 'Nigeria', 'NGA', 566),
('NI', 'NICARAGUA', 'Nicaragua', 'NIC', 558),
('NL', 'NETHERLANDS', 'Netherlands', 'NLD', 528),
('NO', 'NORWAY', 'Norway', 'NOR', 578),
('NP', 'NEPAL', 'Nepal', 'NPL', 524),
('NR', 'NAURU', 'Nauru', 'NRU', 520),
('NU', 'NIUE', 'Niue', 'NIU', 570),
('NZ', 'NEW ZEALAND', 'New Zealand', 'NZL', 554),
('OM', 'OMAN', 'Oman', 'OMN', 512),
('PA', 'PANAMA', 'Panama', 'PAN', 591),
('PE', 'PERU', 'Peru', 'PER', 604),
('PF', 'FRENCH POLYNESIA', 'French Polynesia', 'PYF', 258),
('PG', 'PAPUA NEW GUINEA', 'Papua New Guinea', 'PNG', 598),
('PH', 'PHILIPPINES', 'Philippines', 'PHL', 608),
('PK', 'PAKISTAN', 'Pakistan', 'PAK', 586),
('PL', 'POLAND', 'Poland', 'POL', 616),
('PM', 'SAINT PIERRE AND MIQUELON', 'Saint Pierre and Miquelon', 'SPM', 666),
('PN', 'PITCAIRN', 'Pitcairn', 'PCN', 612),
('PR', 'PUERTO RICO', 'Puerto Rico', 'PRI', 630),
('PS', 'PALESTINIAN TERRITORY, OCCUPIED', 'Palestinian Territory, Occupied', NULL, NULL),
('PT', 'PORTUGAL', 'Portugal', 'PRT', 620),
('PW', 'PALAU', 'Palau', 'PLW', 585),
('PY', 'PARAGUAY', 'Paraguay', 'PRY', 600),
('QA', 'QATAR', 'Qatar', 'QAT', 634),
('RE', 'REUNION', 'Reunion', 'REU', 638),
('RO', 'ROMANIA', 'Romania', 'ROM', 642),
('RU', 'RUSSIAN FEDERATION', 'Russian Federation', 'RUS', 643),
('RW', 'RWANDA', 'Rwanda', 'RWA', 646),
('SA', 'SAUDI ARABIA', 'Saudi Arabia', 'SAU', 682),
('SB', 'SOLOMON ISLANDS', 'Solomon Islands', 'SLB', 90),
('SC', 'SEYCHELLES', 'Seychelles', 'SYC', 690),
('SD', 'SUDAN', 'Sudan', 'SDN', 736),
('SE', 'SWEDEN', 'Sweden', 'SWE', 752),
('SG', 'SINGAPORE', 'Singapore', 'SGP', 702),
('SH', 'SAINT HELENA', 'Saint Helena', 'SHN', 654),
('SI', 'SLOVENIA', 'Slovenia', 'SVN', 705),
('SJ', 'SVALBARD AND JAN MAYEN', 'Svalbard and Jan Mayen', 'SJM', 744),
('SK', 'SLOVAKIA', 'Slovakia', 'SVK', 703),
('SL', 'SIERRA LEONE', 'Sierra Leone', 'SLE', 694),
('SM', 'SAN MARINO', 'San Marino', 'SMR', 674),
('SN', 'SENEGAL', 'Senegal', 'SEN', 686),
('SO', 'SOMALIA', 'Somalia', 'SOM', 706),
('SR', 'SURINAME', 'Suriname', 'SUR', 740),
('ST', 'SAO TOME AND PRINCIPE', 'Sao Tome and Principe', 'STP', 678),
('SV', 'EL SALVADOR', 'El Salvador', 'SLV', 222),
('SY', 'SYRIAN ARAB REPUBLIC', 'Syrian Arab Republic', 'SYR', 760),
('SZ', 'SWAZILAND', 'Swaziland', 'SWZ', 748),
('TC', 'TURKS AND CAICOS ISLANDS', 'Turks and Caicos Islands', 'TCA', 796),
('TD', 'CHAD', 'Chad', 'TCD', 148),
('TF', 'FRENCH SOUTHERN TERRITORIES', 'French Southern Territories', NULL, NULL),
('TG', 'TOGO', 'Togo', 'TGO', 768),
('TH', 'THAILAND', 'Thailand', 'THA', 764),
('TJ', 'TAJIKISTAN', 'Tajikistan', 'TJK', 762),
('TK', 'TOKELAU', 'Tokelau', 'TKL', 772),
('TL', 'TIMOR-LESTE', 'Timor-Leste', NULL, NULL),
('TM', 'TURKMENISTAN', 'Turkmenistan', 'TKM', 795),
('TN', 'TUNISIA', 'Tunisia', 'TUN', 788),
('TO', 'TONGA', 'Tonga', 'TON', 776),
('TR', 'TURKEY', 'Turkey', 'TUR', 792),
('TT', 'TRINIDAD AND TOBAGO', 'Trinidad and Tobago', 'TTO', 780),
('TV', 'TUVALU', 'Tuvalu', 'TUV', 798),
('TW', 'TAIWAN, PROVINCE OF CHINA', 'Taiwan, Province of China', 'TWN', 158),
('TZ', 'TANZANIA, UNITED REPUBLIC OF', 'Tanzania, United Republic of', 'TZA', 834),
('UA', 'UKRAINE', 'Ukraine', 'UKR', 804),
('UG', 'UGANDA', 'Uganda', 'UGA', 800),
('UM', 'UNITED STATES MINOR OUTLYING ISLANDS', 'United States Minor Outlying Islands', NULL, NULL),
('US', 'UNITED STATES', 'United States', 'USA', 840),
('UY', 'URUGUAY', 'Uruguay', 'URY', 858),
('UZ', 'UZBEKISTAN', 'Uzbekistan', 'UZB', 860),
('VA', 'HOLY SEE (VATICAN CITY STATE)', 'Holy See (Vatican City State)', 'VAT', 336),
('VC', 'SAINT VINCENT AND THE GRENADINES', 'Saint Vincent and the Grenadines', 'VCT', 670),
('VE', 'VENEZUELA', 'Venezuela', 'VEN', 862),
('VG', 'VIRGIN ISLANDS, BRITISH', 'Virgin Islands, British', 'VGB', 92),
('VI', 'VIRGIN ISLANDS, U.S.', 'Virgin Islands, U.s.', 'VIR', 850),
('VN', 'VIET NAM', 'Viet Nam', 'VNM', 704),
('VU', 'VANUATU', 'Vanuatu', 'VUT', 548),
('WF', 'WALLIS AND FUTUNA', 'Wallis and Futuna', 'WLF', 876),
('WS', 'SAMOA', 'Samoa', 'WSM', 882),
('YE', 'YEMEN', 'Yemen', 'YEM', 887),
('YT', 'MAYOTTE', 'Mayotte', NULL, NULL),
('ZA', 'SOUTH AFRICA', 'South Africa', 'ZAF', 710),
('ZM', 'ZAMBIA', 'Zambia', 'ZMB', 894),
('ZW', 'ZIMBABWE', 'Zimbabwe', 'ZWE', 716);

-- --------------------------------------------------------

--
-- Table structure for table `bf_email_queue`
--

DROP TABLE IF EXISTS `bf_email_queue`;
CREATE TABLE `bf_email_queue` (
  `id` int(11) NOT NULL,
  `to_email` varchar(254) NOT NULL,
  `subject` varchar(255) NOT NULL,
  `message` text NOT NULL,
  `alt_message` text,
  `max_attempts` int(11) NOT NULL DEFAULT '3',
  `attempts` int(11) NOT NULL DEFAULT '0',
  `success` tinyint(1) NOT NULL DEFAULT '0',
  `date_published` datetime DEFAULT NULL,
  `last_attempt` datetime DEFAULT NULL,
  `date_sent` datetime DEFAULT NULL,
  `csv_attachment` text
) ENGINE=InnoDB DEFAULT CHARSET=utf8;

-- --------------------------------------------------------

--
-- Table structure for table `bf_login_attempts`
--

DROP TABLE IF EXISTS `bf_login_attempts`;
CREATE TABLE `bf_login_attempts` (
  `id` bigint(20) NOT NULL,
  `ip_address` varchar(45) NOT NULL,
  `login` varchar(255) NOT NULL,
  `time` timestamp NOT NULL DEFAULT CURRENT_TIMESTAMP
) ENGINE=InnoDB DEFAULT CHARSET=utf8;

-- --------------------------------------------------------

--
-- Table structure for table `bf_masnum`
--

DROP TABLE IF EXISTS `bf_masnum`;
CREATE TABLE `bf_masnum` (
  `id` int(11) NOT NULL,
  `name` varbinary(50) DEFAULT NULL
) ENGINE=InnoDB DEFAULT CHARSET=utf8;

-- --------------------------------------------------------

--
-- Table structure for table `bf_permissions`
--

DROP TABLE IF EXISTS `bf_permissions`;
CREATE TABLE `bf_permissions` (
  `permission_id` int(11) NOT NULL,
  `name` varchar(255) NOT NULL,
  `description` varchar(100) NOT NULL,
  `status` enum('active','inactive','deleted') NOT NULL DEFAULT 'active'
) ENGINE=InnoDB DEFAULT CHARSET=utf8;

--
-- Dumping data for table `bf_permissions`
--

INSERT INTO `bf_permissions` (`permission_id`, `name`, `description`, `status`) VALUES
(2, 'Site.Content.View', 'Allow users to view the Content Context', 'active'),
(3, 'Site.Reports.View', 'Allow users to view the Reports Context', 'active'),
(4, 'Site.Settings.View', 'Allow users to view the Settings Context', 'active'),
(5, 'Site.Developer.View', 'Allow users to view the Developer Context', 'active'),
(6, 'Bonfire.Roles.Manage', 'Allow users to manage the user Roles', 'active'),
(7, 'Bonfire.Users.Manage', 'Allow users to manage the site Users', 'active'),
(8, 'Bonfire.Users.View', 'Allow users access to the User Settings', 'active'),
(9, 'Bonfire.Users.Add', 'Allow users to add new Users', 'active'),
(10, 'Bonfire.Database.Manage', 'Allow users to manage the Database settings', 'active'),
(11, 'Bonfire.Emailer.Manage', 'Allow users to manage the Emailer settings', 'active'),
(12, 'Bonfire.Logs.View', 'Allow users access to the Log details', 'active'),
(13, 'Bonfire.Logs.Manage', 'Allow users to manage the Log files', 'active'),
(14, 'Bonfire.Emailer.View', 'Allow users access to the Emailer settings', 'active'),
(15, 'Site.Signin.Offline', 'Allow users to login to the site when the site is offline', 'active'),
(16, 'Bonfire.Permissions.View', 'Allow access to view the Permissions menu unders Settings Context', 'active'),
(17, 'Bonfire.Permissions.Manage', 'Allow access to manage the Permissions in the system', 'active'),
(18, 'Bonfire.Modules.Add', 'Allow creation of modules with the builder.', 'active'),
(19, 'Bonfire.Modules.Delete', 'Allow deletion of modules.', 'active'),
(20, 'Permissions.Administrator.Manage', 'To manage the access control permissions for the Administrator role.', 'active'),
(21, 'Permissions.Editor.Manage', 'To manage the access control permissions for the Editor role.', 'active'),
(23, 'Permissions.User.Manage', 'To manage the access control permissions for the User role.', 'active'),
(24, 'Permissions.Developer.Manage', 'To manage the access control permissions for the Developer role.', 'active'),
(26, 'Activities.Own.View', 'To view the users own activity logs', 'active'),
(27, 'Activities.Own.Delete', 'To delete the users own activity logs', 'active'),
(28, 'Activities.User.View', 'To view the user activity logs', 'active'),
(29, 'Activities.User.Delete', 'To delete the user activity logs, except own', 'active'),
(30, 'Activities.Module.View', 'To view the module activity logs', 'active'),
(31, 'Activities.Module.Delete', 'To delete the module activity logs', 'active'),
(32, 'Activities.Date.View', 'To view the users own activity logs', 'active'),
(33, 'Activities.Date.Delete', 'To delete the dated activity logs', 'active'),
(34, 'Bonfire.UI.Manage', 'Manage the Bonfire UI settings', 'active'),
(35, 'Bonfire.Settings.View', 'To view the site settings page.', 'active'),
(36, 'Bonfire.Settings.Manage', 'To manage the site settings.', 'active'),
(37, 'Bonfire.Activities.View', 'To view the Activities menu.', 'active'),
(38, 'Bonfire.Database.View', 'To view the Database menu.', 'active'),
(39, 'Bonfire.Migrations.View', 'To view the Migrations menu.', 'active'),
(40, 'Bonfire.Builder.View', 'To view the Modulebuilder menu.', 'active'),
(41, 'Bonfire.Roles.View', 'To view the Roles menu.', 'active'),
(42, 'Bonfire.Sysinfo.View', 'To view the System Information page.', 'active'),
(43, 'Bonfire.Translate.Manage', 'To manage the Language Translation.', 'active'),
(44, 'Bonfire.Translate.View', 'To view the Language Translate menu.', 'active'),
(45, 'Bonfire.UI.View', 'To view the UI/Keyboard Shortcut menu.', 'active'),
(48, 'Bonfire.Profiler.View', 'To view the Console Profiler Bar.', 'active'),
(49, 'Bonfire.Roles.Add', 'To add New Roles', 'active'),
(66, 'Account.Account.View', 'View Account Account', 'active'),
(67, 'Account.Account.Create', 'Create Account Account', 'active'),
(68, 'Account.Account.Edit', 'Edit Account Account', 'active'),
(69, 'Account.Account.Delete', 'Delete Account Account', 'active'),
(70, 'Account.Content.View', 'View Account Content', 'active'),
(71, 'Account.Content.Create', 'Create Account Content', 'active'),
(72, 'Account.Content.Edit', 'Edit Account Content', 'active'),
(73, 'Account.Content.Delete', 'Delete Account Content', 'active'),
(74, 'Account.Reports.View', 'View Account Reports', 'active'),
(75, 'Account.Reports.Create', 'Create Account Reports', 'active'),
(76, 'Account.Reports.Edit', 'Edit Account Reports', 'active'),
(77, 'Account.Reports.Delete', 'Delete Account Reports', 'active'),
(78, 'Account.Settings.View', 'View Account Settings', 'active'),
(79, 'Account.Settings.Create', 'Create Account Settings', 'active'),
(80, 'Account.Settings.Edit', 'Edit Account Settings', 'active'),
(81, 'Account.Settings.Delete', 'Delete Account Settings', 'active'),
(82, 'Account.Developer.View', 'View Account Developer', 'active'),
(83, 'Account.Developer.Create', 'Create Account Developer', 'active'),
(84, 'Account.Developer.Edit', 'Edit Account Developer', 'active'),
(85, 'Account.Developer.Delete', 'Delete Account Developer', 'active'),
(86, 'Todo.Content.View', 'View Todo Content', 'active'),
(87, 'Todo.Content.Create', 'Create Todo Content', 'active'),
(88, 'Todo.Content.Edit', 'Edit Todo Content', 'active'),
(89, 'Todo.Content.Delete', 'Delete Todo Content', 'active'),
(90, 'Todo.Developer.View', 'View Todo Developer', 'active'),
(91, 'Todo.Developer.Create', 'Create Todo Developer', 'active'),
(92, 'Todo.Developer.Edit', 'Edit Todo Developer', 'active'),
(93, 'Todo.Developer.Delete', 'Delete Todo Developer', 'active'),
(94, 'Permissions.Account.Account.soft.Manage', 'To manage the access control permissions for the Account.Account.soft role.', 'active'),
(95, 'Masnum.Account.View', 'View Masnum Account', 'active'),
(96, 'Masnum.Account.Create', 'Create Masnum Account', 'active'),
(97, 'Masnum.Account.Edit', 'Edit Masnum Account', 'active'),
(98, 'Masnum.Account.Delete', 'Delete Masnum Account', 'active'),
(99, 'Gallery.Gallery.View', 'View Gallery Gallery', 'active'),
(100, 'Gallery.Gallery.Create', 'Create Gallery Gallery', 'active'),
(101, 'Gallery.Gallery.Edit', 'Edit Gallery Gallery', 'active'),
(102, 'Gallery.Gallery.Delete', 'Delete Gallery Gallery', 'active'),
(103, 'Gallery.Account.View', 'View Gallery Account', 'active'),
(104, 'Gallery.Account.Create', 'Create Gallery Account', 'active'),
(105, 'Gallery.Account.Edit', 'Edit Gallery Account', 'active'),
(106, 'Gallery.Account.Delete', 'Delete Gallery Account', 'active'),
(107, 'Gallery.Content.View', 'View Gallery Content', 'active'),
(108, 'Gallery.Content.Create', 'Create Gallery Content', 'active'),
(109, 'Gallery.Content.Edit', 'Edit Gallery Content', 'active'),
(110, 'Gallery.Content.Delete', 'Delete Gallery Content', 'active'),
(111, 'Gallery.Reports.View', 'View Gallery Reports', 'active'),
(112, 'Gallery.Reports.Create', 'Create Gallery Reports', 'active'),
(113, 'Gallery.Reports.Edit', 'Edit Gallery Reports', 'active'),
(114, 'Gallery.Reports.Delete', 'Delete Gallery Reports', 'active'),
(115, 'Gallery.Settings.View', 'View Gallery Settings', 'active'),
(116, 'Gallery.Settings.Create', 'Create Gallery Settings', 'active'),
(117, 'Gallery.Settings.Edit', 'Edit Gallery Settings', 'active'),
(118, 'Gallery.Settings.Delete', 'Delete Gallery Settings', 'active'),
(119, 'Gallery.Developer.View', 'View Gallery Developer', 'active'),
(120, 'Gallery.Developer.Create', 'Create Gallery Developer', 'active'),
(121, 'Gallery.Developer.Edit', 'Edit Gallery Developer', 'active'),
(122, 'Gallery.Developer.Delete', 'Delete Gallery Developer', 'active');

-- --------------------------------------------------------

--
-- Table structure for table `bf_photos`
--

DROP TABLE IF EXISTS `bf_photos`;
CREATE TABLE `bf_photos` (
  `id` int(11) NOT NULL,
  `caption` varchar(100) DEFAULT NULL,
  `photo` varchar(50) NOT NULL,
  `user_id` int(11) NOT NULL,
  `deleted` tinyint(1) NOT NULL DEFAULT '0',
  `deleted_by` bigint(20) DEFAULT NULL,
  `created_on` datetime NOT NULL DEFAULT '0000-00-00 00:00:00',
  `created_by` bigint(20) NOT NULL,
  `modified_on` datetime NOT NULL DEFAULT '0000-00-00 00:00:00',
  `modified_by` bigint(20) DEFAULT NULL
) ENGINE=InnoDB DEFAULT CHARSET=utf8;

-- --------------------------------------------------------

--
-- Table structure for table `bf_roles`
--

DROP TABLE IF EXISTS `bf_roles`;
CREATE TABLE `bf_roles` (
  `role_id` int(11) NOT NULL,
  `role_name` varchar(60) NOT NULL,
  `description` varchar(255) DEFAULT NULL,
  `default` tinyint(1) NOT NULL DEFAULT '0',
  `can_delete` tinyint(1) NOT NULL DEFAULT '1',
  `login_destination` varchar(255) NOT NULL DEFAULT '/',
  `default_context` varchar(255) DEFAULT 'content',
  `deleted` int(1) NOT NULL DEFAULT '0'
) ENGINE=InnoDB DEFAULT CHARSET=utf8;

--
-- Dumping data for table `bf_roles`
--

INSERT INTO `bf_roles` (`role_id`, `role_name`, `description`, `default`, `can_delete`, `login_destination`, `default_context`, `deleted`) VALUES
(1, 'Administrator', 'Has full control over every aspect of the site.', 0, 0, '', 'content', 0),
(2, 'Editor', 'Can handle day-to-day management, but does not have full power.', 0, 1, '', 'content', 0),
(4, 'User', 'This is the default user with access to login.', 1, 0, '', 'content', 0),
(6, 'Developer', 'Developers typically are the only ones that can access the developer tools. Otherwise identical to Administrators, at least until the site is handed off.', 0, 1, '', 'content', 0),
(7, 'Account.Account.soft', 'Test', 0, 1, 'auth/dashboard', 'content', 0);

-- --------------------------------------------------------

--
-- Table structure for table `bf_role_permissions`
--

DROP TABLE IF EXISTS `bf_role_permissions`;
CREATE TABLE `bf_role_permissions` (
  `role_id` int(11) NOT NULL,
  `permission_id` int(11) NOT NULL
) ENGINE=InnoDB DEFAULT CHARSET=utf8;

--
-- Dumping data for table `bf_role_permissions`
--

INSERT INTO `bf_role_permissions` (`role_id`, `permission_id`) VALUES
(1, 2),
(1, 3),
(1, 4),
(1, 5),
(1, 6),
(1, 7),
(1, 8),
(1, 9),
(1, 10),
(1, 11),
(1, 12),
(1, 13),
(1, 14),
(1, 15),
(1, 16),
(1, 17),
(1, 18),
(1, 19),
(1, 20),
(1, 21),
(1, 23),
(1, 24),
(1, 26),
(1, 27),
(1, 28),
(1, 29),
(1, 30),
(1, 31),
(1, 32),
(1, 33),
(1, 34),
(1, 35),
(1, 36),
(1, 37),
(1, 38),
(1, 39),
(1, 40),
(1, 41),
(1, 42),
(1, 43),
(1, 44),
(1, 45),
(1, 48),
(1, 49),
(1, 66),
(1, 67),
(1, 70),
(1, 71),
(1, 78),
(1, 79),
(1, 82),
(1, 83),
(1, 86),
(1, 87),
(1, 88),
(1, 89),
(1, 90),
(1, 91),
(1, 92),
(1, 93),
(1, 94),
(1, 95),
(1, 96),
(1, 97),
(1, 98),
(1, 99),
(1, 100),
(1, 101),
(1, 102),
(1, 103),
(1, 104),
(1, 105),
(1, 106),
(1, 107),
(1, 108),
(1, 109),
(1, 110),
(1, 111),
(1, 112),
(1, 113),
(1, 114),
(1, 115),
(1, 116),
(1, 117),
(1, 118),
(1, 119),
(1, 120),
(1, 121),
(1, 122),
(2, 2),
(2, 3),
(6, 2),
(6, 3),
(6, 4),
(6, 5),
(6, 6),
(6, 7),
(6, 8),
(6, 9),
(6, 10),
(6, 11),
(6, 12),
(6, 13),
(6, 48);

-- --------------------------------------------------------

--
-- Table structure for table `bf_schema_version`
--

DROP TABLE IF EXISTS `bf_schema_version`;
CREATE TABLE `bf_schema_version` (
  `type` varchar(40) NOT NULL,
  `version` int(4) NOT NULL DEFAULT '0'
) ENGINE=InnoDB DEFAULT CHARSET=utf8;

--
-- Dumping data for table `bf_schema_version`
--

INSERT INTO `bf_schema_version` (`type`, `version`) VALUES
('account_', 2),
('core', 43),
('gallery_', 2),
('masnum_', 2),
('todo_', 2);

-- --------------------------------------------------------

--
-- Table structure for table `bf_sessions`
--

DROP TABLE IF EXISTS `bf_sessions`;
CREATE TABLE `bf_sessions` (
  `session_id` varchar(40) NOT NULL DEFAULT '0',
  `ip_address` varchar(45) NOT NULL DEFAULT '0',
  `user_agent` varchar(120) NOT NULL,
  `last_activity` int(10) UNSIGNED NOT NULL DEFAULT '0',
  `user_data` text NOT NULL
) ENGINE=InnoDB DEFAULT CHARSET=utf8;

-- --------------------------------------------------------

--
-- Table structure for table `bf_settings`
--

DROP TABLE IF EXISTS `bf_settings`;
CREATE TABLE `bf_settings` (
  `name` varchar(30) NOT NULL,
  `module` varchar(255) NOT NULL,
  `value` varchar(255) NOT NULL
) ENGINE=InnoDB DEFAULT CHARSET=utf8;

--
-- Dumping data for table `bf_settings`
--

INSERT INTO `bf_settings` (`name`, `module`, `value`) VALUES
('auth.allow_name_change', 'core', '1'),
('auth.allow_register', 'core', '1'),
('auth.allow_remember', 'core', '1'),
('auth.do_login_redirect', 'core', '1'),
('auth.login_type', 'core', 'email'),
('auth.name_change_frequency', 'core', '1'),
('auth.name_change_limit', 'core', '1'),
('auth.password_force_mixed_case', 'core', '0'),
('auth.password_force_numbers', 'core', '0'),
('auth.password_force_symbols', 'core', '0'),
('auth.password_min_length', 'core', '8'),
('auth.password_show_labels', 'core', '0'),
('auth.remember_length', 'core', '1209600'),
('auth.user_activation_method', 'core', '0'),
('auth.use_extended_profile', 'core', '0'),
('auth.use_usernames', 'core', '1'),
('form_save', 'core.ui', 'ctrl+s/⌘+s'),
('goto_content', 'core.ui', 'alt+c'),
('mailpath', 'email', '/usr/sbin/sendmail'),
('mailtype', 'email', 'text'),
('password_iterations', 'users', '8'),
('protocol', 'email', 'mail'),
('sender_email', 'email', ''),
('site.languages', 'core', 'a:3:{i:0;s:7:"english";i:1;s:10:"portuguese";i:2;s:7:"persian";}'),
('site.list_limit', 'core', '25'),
('site.show_front_profiler', 'core', '1'),
('site.show_profiler', 'core', '1'),
('site.status', 'core', '1'),
('site.system_email', 'core', 'admin@mybonfire.com'),
('site.title', 'core', 'My Bonfire'),
('smtp_host', 'email', ''),
('smtp_pass', 'email', ''),
('smtp_port', 'email', ''),
('smtp_timeout', 'email', ''),
('smtp_user', 'email', ''),
('updates.bleeding_edge', 'core', '1'),
('updates.do_check', 'core', '1');

-- --------------------------------------------------------

--
-- Table structure for table `bf_states`
--

DROP TABLE IF EXISTS `bf_states`;
CREATE TABLE `bf_states` (
  `id` int(11) NOT NULL,
  `name` char(40) NOT NULL,
  `abbrev` char(2) NOT NULL
) ENGINE=InnoDB DEFAULT CHARSET=utf8;

--
-- Dumping data for table `bf_states`
--

INSERT INTO `bf_states` (`id`, `name`, `abbrev`) VALUES
(1, 'Alaska', 'AK'),
(2, 'Alabama', 'AL'),
(3, 'American Samoa', 'AS'),
(4, 'Arizona', 'AZ'),
(5, 'Arkansas', 'AR'),
(6, 'California', 'CA'),
(7, 'Colorado', 'CO'),
(8, 'Connecticut', 'CT'),
(9, 'Delaware', 'DE'),
(10, 'District of Columbia', 'DC'),
(11, 'Florida', 'FL'),
(12, 'Georgia', 'GA'),
(13, 'Guam', 'GU'),
(14, 'Hawaii', 'HI'),
(15, 'Idaho', 'ID'),
(16, 'Illinois', 'IL'),
(17, 'Indiana', 'IN'),
(18, 'Iowa', 'IA'),
(19, 'Kansas', 'KS'),
(20, 'Kentucky', 'KY'),
(21, 'Louisiana', 'LA'),
(22, 'Maine', 'ME'),
(23, 'Marshall Islands', 'MH'),
(24, 'Maryland', 'MD'),
(25, 'Massachusetts', 'MA'),
(26, 'Michigan', 'MI'),
(27, 'Minnesota', 'MN'),
(28, 'Mississippi', 'MS'),
(29, 'Missouri', 'MO'),
(30, 'Montana', 'MT'),
(31, 'Nebraska', 'NE'),
(32, 'Nevada', 'NV'),
(33, 'New Hampshire', 'NH'),
(34, 'New Jersey', 'NJ'),
(35, 'New Mexico', 'NM'),
(36, 'New York', 'NY'),
(37, 'North Carolina', 'NC'),
(38, 'North Dakota', 'ND'),
(39, 'Northern Mariana Islands', 'MP'),
(40, 'Ohio', 'OH'),
(41, 'Oklahoma', 'OK'),
(42, 'Oregon', 'OR'),
(43, 'Palau', 'PW'),
(44, 'Pennsylvania', 'PA'),
(45, 'Puerto Rico', 'PR'),
(46, 'Rhode Island', 'RI'),
(47, 'South Carolina', 'SC'),
(48, 'South Dakota', 'SD'),
(49, 'Tennessee', 'TN'),
(50, 'Texas', 'TX'),
(51, 'Utah', 'UT'),
(52, 'Vermont', 'VT'),
(53, 'Virgin Islands', 'VI'),
(54, 'Virginia', 'VA'),
(55, 'Washington', 'WA'),
(56, 'West Virginia', 'WV'),
(57, 'Wisconsin', 'WI'),
(58, 'Wyoming', 'WY'),
(59, 'Armed Forces Africa', 'AE'),
(60, 'Armed Forces Canada', 'AE'),
(61, 'Armed Forces Europe', 'AE'),
(62, 'Armed Forces Middle East', 'AE'),
(63, 'Armed Forces Pacific', 'AP');

-- --------------------------------------------------------

--
-- Table structure for table `bf_todo`
--

DROP TABLE IF EXISTS `bf_todo`;
CREATE TABLE `bf_todo` (
  `id` int(11) NOT NULL,
  `title` varbinary(100) NOT NULL,
  `person` varchar(100) NOT NULL,
  `deleted` tinyint(1) NOT NULL DEFAULT '0',
  `deleted_by` bigint(20) DEFAULT NULL,
  `created_on` datetime NOT NULL DEFAULT '0000-00-00 00:00:00',
  `created_by` bigint(20) NOT NULL,
  `modified_on` datetime NOT NULL DEFAULT '0000-00-00 00:00:00',
  `modified_by` bigint(20) DEFAULT NULL
) ENGINE=InnoDB DEFAULT CHARSET=utf8;

--
-- Dumping data for table `bf_todo`
--

INSERT INTO `bf_todo` (`id`, `title`, `person`, `deleted`, `deleted_by`, `created_on`, `created_by`, `modified_on`, `modified_by`) VALUES
(1, 0x5465737420546f646f202d20557064617465, 'Rabita', 1, 1, '2016-09-15 19:36:55', 1, '2016-09-15 19:37:14', 1),
(2, 0x546573742046726f6e7420456e64205469746c65, '90', 0, NULL, '2016-09-15 19:40:23', 1, '0000-00-00 00:00:00', NULL);

-- --------------------------------------------------------

--
-- Table structure for table `bf_users`
--

DROP TABLE IF EXISTS `bf_users`;
CREATE TABLE `bf_users` (
  `id` bigint(20) UNSIGNED NOT NULL,
  `role_id` int(11) NOT NULL DEFAULT '4',
  `email` varchar(254) NOT NULL,
  `username` varchar(30) NOT NULL DEFAULT '',
  `password_hash` char(60) DEFAULT NULL,
  `reset_hash` varchar(40) DEFAULT NULL,
  `last_login` datetime NOT NULL DEFAULT '0000-00-00 00:00:00',
  `last_ip` varchar(45) NOT NULL DEFAULT '',
  `created_on` datetime NOT NULL DEFAULT '0000-00-00 00:00:00',
  `deleted` tinyint(1) NOT NULL DEFAULT '0',
  `reset_by` int(10) DEFAULT NULL,
  `banned` tinyint(1) NOT NULL DEFAULT '0',
  `ban_message` varchar(255) DEFAULT NULL,
  `display_name` varchar(255) DEFAULT '',
  `display_name_changed` date DEFAULT NULL,
  `timezone` varchar(40) NOT NULL DEFAULT 'UM6',
  `language` varchar(20) NOT NULL DEFAULT 'english',
  `active` tinyint(1) NOT NULL DEFAULT '0',
  `activate_hash` varchar(40) NOT NULL DEFAULT '',
  `force_password_reset` tinyint(1) DEFAULT '0'
) ENGINE=InnoDB DEFAULT CHARSET=utf8;

--
-- Dumping data for table `bf_users`
--

INSERT INTO `bf_users` (`id`, `role_id`, `email`, `username`, `password_hash`, `reset_hash`, `last_login`, `last_ip`, `created_on`, `deleted`, `reset_by`, `banned`, `ban_message`, `display_name`, `display_name_changed`, `timezone`, `language`, `active`, `activate_hash`, `force_password_reset`) VALUES
(1, 1, 'admin@mybonfire.com', 'admin', '$2a$08$GTpAwQahjqEikOnID78zTeAQteqpkC7OwluOL8gJJfOrucJ2Ix2AW', NULL, '2016-09-18 19:11:29', '::1', '2016-09-13 22:51:48', 0, NULL, 0, NULL, 'admin', NULL, 'UM6', 'english', 1, '', 0),
(2, 2, 'flickmedialtd@gmail.com', 'editor', '$2a$08$UQCod3xD9zMQ.iPtKJEUg.TqPR97iN94qefG05/9nenxP/AfOT8mC', NULL, '2016-09-14 10:14:02', '127.0.0.1', '2016-09-14 10:08:46', 0, NULL, 0, NULL, 'Kanny - Editor', NULL, 'UP6', 'english', 1, '', 0);

-- --------------------------------------------------------

--
-- Table structure for table `bf_user_cookies`
--

DROP TABLE IF EXISTS `bf_user_cookies`;
CREATE TABLE `bf_user_cookies` (
  `user_id` bigint(20) UNSIGNED NOT NULL,
  `token` varchar(128) NOT NULL,
  `created_on` datetime NOT NULL
) ENGINE=InnoDB DEFAULT CHARSET=utf8;

-- --------------------------------------------------------

--
-- Table structure for table `bf_user_meta`
--

DROP TABLE IF EXISTS `bf_user_meta`;
CREATE TABLE `bf_user_meta` (
  `meta_id` int(20) UNSIGNED NOT NULL,
  `user_id` bigint(20) UNSIGNED NOT NULL DEFAULT '0',
  `meta_key` varchar(255) NOT NULL DEFAULT '',
  `meta_value` text
) ENGINE=InnoDB DEFAULT CHARSET=utf8;

--
-- Dumping data for table `bf_user_meta`
--

INSERT INTO `bf_user_meta` (`meta_id`, `user_id`, `meta_key`, `meta_value`) VALUES
(1, 2, 'state', ''),
(2, 2, 'country', 'US');

--
-- Indexes for dumped tables
--

--
-- Indexes for table `bf_account`
--
ALTER TABLE `bf_account`
  ADD PRIMARY KEY (`id`);

--
-- Indexes for table `bf_activities`
--
ALTER TABLE `bf_activities`
  ADD PRIMARY KEY (`activity_id`);

--
-- Indexes for table `bf_ci3_sessions`
--
ALTER TABLE `bf_ci3_sessions`
  ADD PRIMARY KEY (`id`);

--
-- Indexes for table `bf_countries`
--
ALTER TABLE `bf_countries`
  ADD PRIMARY KEY (`iso`);

--
-- Indexes for table `bf_email_queue`
--
ALTER TABLE `bf_email_queue`
  ADD PRIMARY KEY (`id`);

--
-- Indexes for table `bf_login_attempts`
--
ALTER TABLE `bf_login_attempts`
  ADD PRIMARY KEY (`id`);

--
-- Indexes for table `bf_masnum`
--
ALTER TABLE `bf_masnum`
  ADD PRIMARY KEY (`id`);

--
-- Indexes for table `bf_permissions`
--
ALTER TABLE `bf_permissions`
  ADD PRIMARY KEY (`permission_id`);

--
-- Indexes for table `bf_photos`
--
ALTER TABLE `bf_photos`
  ADD PRIMARY KEY (`id`);

--
-- Indexes for table `bf_roles`
--
ALTER TABLE `bf_roles`
  ADD PRIMARY KEY (`role_id`);

--
-- Indexes for table `bf_role_permissions`
--
ALTER TABLE `bf_role_permissions`
  ADD PRIMARY KEY (`role_id`,`permission_id`);

--
-- Indexes for table `bf_schema_version`
--
ALTER TABLE `bf_schema_version`
  ADD PRIMARY KEY (`type`);

--
-- Indexes for table `bf_sessions`
--
ALTER TABLE `bf_sessions`
  ADD PRIMARY KEY (`session_id`);

--
-- Indexes for table `bf_settings`
--
ALTER TABLE `bf_settings`
  ADD PRIMARY KEY (`name`);

--
-- Indexes for table `bf_states`
--
ALTER TABLE `bf_states`
  ADD PRIMARY KEY (`id`);

--
-- Indexes for table `bf_todo`
--
ALTER TABLE `bf_todo`
  ADD PRIMARY KEY (`id`);

--
-- Indexes for table `bf_users`
--
ALTER TABLE `bf_users`
  ADD PRIMARY KEY (`id`),
  ADD KEY `email` (`email`);

--
-- Indexes for table `bf_user_cookies`
--
ALTER TABLE `bf_user_cookies`
  ADD KEY `token` (`token`);

--
-- Indexes for table `bf_user_meta`
--
ALTER TABLE `bf_user_meta`
  ADD PRIMARY KEY (`meta_id`);

--
-- AUTO_INCREMENT for dumped tables
--

--
-- AUTO_INCREMENT for table `bf_account`
--
ALTER TABLE `bf_account`
  MODIFY `id` int(11) NOT NULL AUTO_INCREMENT, AUTO_INCREMENT=4;
--
-- AUTO_INCREMENT for table `bf_activities`
--
ALTER TABLE `bf_activities`
  MODIFY `activity_id` bigint(20) NOT NULL AUTO_INCREMENT, AUTO_INCREMENT=30;
--
-- AUTO_INCREMENT for table `bf_email_queue`
--
ALTER TABLE `bf_email_queue`
  MODIFY `id` int(11) NOT NULL AUTO_INCREMENT;
--
-- AUTO_INCREMENT for table `bf_login_attempts`
--
ALTER TABLE `bf_login_attempts`
  MODIFY `id` bigint(20) NOT NULL AUTO_INCREMENT;
--
-- AUTO_INCREMENT for table `bf_masnum`
--
ALTER TABLE `bf_masnum`
  MODIFY `id` int(11) NOT NULL AUTO_INCREMENT;
--
-- AUTO_INCREMENT for table `bf_permissions`
--
ALTER TABLE `bf_permissions`
  MODIFY `permission_id` int(11) NOT NULL AUTO_INCREMENT, AUTO_INCREMENT=123;
--
-- AUTO_INCREMENT for table `bf_photos`
--
ALTER TABLE `bf_photos`
  MODIFY `id` int(11) NOT NULL AUTO_INCREMENT;
--
-- AUTO_INCREMENT for table `bf_roles`
--
ALTER TABLE `bf_roles`
  MODIFY `role_id` int(11) NOT NULL AUTO_INCREMENT, AUTO_INCREMENT=8;
--
-- AUTO_INCREMENT for table `bf_states`
--
ALTER TABLE `bf_states`
  MODIFY `id` int(11) NOT NULL AUTO_INCREMENT, AUTO_INCREMENT=64;
--
-- AUTO_INCREMENT for table `bf_todo`
--
ALTER TABLE `bf_todo`
  MODIFY `id` int(11) NOT NULL AUTO_INCREMENT, AUTO_INCREMENT=3;
--
-- AUTO_INCREMENT for table `bf_users`
--
ALTER TABLE `bf_users`
  MODIFY `id` bigint(20) UNSIGNED NOT NULL AUTO_INCREMENT, AUTO_INCREMENT=3;
--
-- AUTO_INCREMENT for table `bf_user_meta`
--
ALTER TABLE `bf_user_meta`
  MODIFY `meta_id` int(20) UNSIGNED NOT NULL AUTO_INCREMENT, AUTO_INCREMENT=3;
/*!40101 SET CHARACTER_SET_CLIENT=@OLD_CHARACTER_SET_CLIENT */;
/*!40101 SET CHARACTER_SET_RESULTS=@OLD_CHARACTER_SET_RESULTS */;
/*!40101 SET COLLATION_CONNECTION=@OLD_COLLATION_CONNECTION */;
